"Event: Job Posting","Company Record","Company Name","Job Title","Location","Company Domain","Job LinkedIn Url","Post On","Upsert Record"
,"Century West Engineering","Century West Engineering","Municipal Project Engineer","Lake Oswego, OR","centurywest.com","https://www.linkedin.com/jobs/view/municipal-project-engineer-at-century-west-engineering-4268369626","2025-07-21T12:00:00.000Z","✅ Record Upserted"
,"Century West Engineering","Century West Engineering","Municipal Project Engineer","Ellensburg, WA","centurywest.com","https://www.linkedin.com/jobs/view/municipal-project-engineer-at-century-west-engineering-4268369625","2025-07-21T12:00:00.000Z","✅ Record Upserted"
,"WithersRavenel","WithersRavenel","Water/Wastewater Treatment Project Engineer","Cary, NC","withersravenel.com","https://www.linkedin.com/jobs/view/water-wastewater-treatment-project-engineer-at-withersravenel-4157204214","2025-07-20T10:18:29.222Z",
,"WithersRavenel","WithersRavenel","Water/Wastewater Project Engineer","Greenville, SC","withersravenel.com","https://www.linkedin.com/jobs/view/water-wastewater-project-engineer-at-withersravenel-3962299204","2025-07-21T11:11:29.701Z","✅ Record Upserted"
,"19six Architects","19six Architects","Project Manager","Sacramento, CA","19six.com","https://www.linkedin.com/jobs/view/project-manager-at-19six-architects-4270440797","2025-07-20T19:16:44.695Z","✅ Record Upserted"
,"Century West Engineering","Century West Engineering","Aviation Project Engineer","Spokane Valley, WA","centurywest.com","https://www.linkedin.com/jobs/view/aviation-project-engineer-at-century-west-engineering-4268368806","2025-07-21T23:18:27.008Z","✅ Record Upserted"
,"Century West Engineering","Century West Engineering","Municipal Project Manager","Coeur d'Alene, ID","centurywest.com","https://www.linkedin.com/jobs/view/municipal-project-manager-at-century-west-engineering-4268367908","2025-07-21T23:10:38.269Z",
,"Century West Engineering","Century West Engineering","Aviation Project Engineer","Lake Oswego, OR","centurywest.com","https://www.linkedin.com/jobs/view/aviation-project-engineer-at-century-west-engineering-4268373475","2025-07-21T23:42:51.000Z","✅ Record Upserted"
,"Century West Engineering","Century West Engineering","Civil Engineer-in-Training","Spokane Valley, WA","centurywest.com","https://www.linkedin.com/jobs/view/civil-engineer-in-training-at-century-west-engineering-4268375030","2025-07-21T23:53:53.000Z","✅ Record Upserted"
,"Century West Engineering","Century West Engineering","Municipal Project Engineer","Coeur d'Alene, ID","centurywest.com","https://www.linkedin.com/jobs/view/municipal-project-engineer-at-century-west-engineering-4268368804","2025-07-21T23:42:48.000Z",
,"VCA Structural","VCA Structural","Structural Design Engineer","Orange, CA","vcastructural.com","https://www.linkedin.com/jobs/view/structural-design-engineer-at-vca-structural-4270280405","2025-07-21T16:41:46.211Z",